,Index,Coefficients
0,Average_Quantity,0.043320896838013816
1,Unique_Categories,0.056809766517181615
2,Total_Quantity,0.0981403426091553
3,Recency,0.1214460784755162
4,Total_Spend,0.22444816951313692
5,Frequency,0.4558347460469961
