,Index,Coefficients
0,Average_Quantity,0.012001544754645078
1,Unique_Categories,0.021507022009282558
2,Total_Quantity,0.035462368048273706
3,Recency,0.09508711477356342
4,Total_Spend,0.23216415520630893
5,Frequency,0.6037777952079261
